<?xml version='1.0' encoding='UTF-8'?>

<dataset>
 
 <AUTHOR AUTHOR_UID = 1>
    <FIRST_NAME>Fiona</FIRST_NAME>
    <MIDDLE_NAME/>
    <LAST_NAME>Macdonald</LAST_NAME>
 </AUTHOR>
 <AUTHOR AUTHOR_UID = 2>
    <FIRST_NAME>Gian</FIRST_NAME>
    <MIDDLE_NAME>Paolo</MIDDLE_NAME>
    <LAST_NAME>Faleschini</LAST_NAME>
 </AUTHOR>
 <AUTHOR AUTHOR_UID = 3>
    <FIRST_NAME>Laura</FIRST_NAME>
    <MIDDLE_NAME>K</MIDDLE_NAME>
    <LAST_NAME>Egendorf</LAST_NAME>
    <CITY>CHENNAI</CITY>
 </AUTHOR>
 <AUTHOR AUTHOR_UID = 4>
    <FIRST_NAME>Jan</FIRST_NAME>
    <MIDDLE_NAME/>
    <LAST_NAME>Grover</LAST_NAME>
 </AUTHOR>
 <AUTHOR AUTHOR_UID = 5>
      <FIRST_NAME>Jennifer</FIRST_NAME>
    <MIDDLE_NAME/>
    <LAST_NAME>Clapp</LAST_NAME>
 </AUTHOR>
 <AUTHOR AUTHOR_UID = 6>
    <FIRST_NAME>Kathleen</FIRST_NAME>
    <MIDDLE_NAME/>
    <LAST_NAME>Petelinsek</LAST_NAME>
 </AUTHOR>
</dataset>