ID,Title,Acceptance,Difficulty,Frequency,Leetcode Question Link
228,Summary Ranges,39.5%,Medium,0.16290155097997208, https://leetcode.com/problems/summary-ranges
1071,Greatest Common Divisor of Strings,52.9%,Easy,0.12182344519338843, https://leetcode.com/problems/greatest-common-divisor-of-strings
290,Word Pattern,37.0%,Easy,0.10980743793876432, https://leetcode.com/problems/word-pattern
814,Binary Tree Pruning,74.5%,Medium,0.06872933215218067, https://leetcode.com/problems/binary-tree-pruning
328,Odd Even Linked List,55.7%,Medium,0.04684258362761172, https://leetcode.com/problems/odd-even-linked-list
204,Count Primes,31.5%,Easy,0.02799343042200216, https://leetcode.com/problems/count-primes
138,Copy List with Random Pointer,36.4%,Medium,0.02453734514188008, https://leetcode.com/problems/copy-list-with-random-pointer
66,Plus One,43.0%,Easy,0.00326211347832938, https://leetcode.com/problems/plus-one
