ID,Title,Acceptance,Difficulty,Frequency,Leetcode Question Link
761,Special Binary String,54.7%,Hard,0.7705564341555942, https://leetcode.com/problems/special-binary-string
811,Subdomain Visit Count,69.9%,Easy,0.7184674134713396, https://leetcode.com/problems/subdomain-visit-count
741,Cherry Pickup,33.9%,Hard,0.42085002694764384, https://leetcode.com/problems/cherry-pickup
697,Degree of an Array,53.8%,Easy,0.12323264042394814, https://leetcode.com/problems/degree-of-an-array
829,Consecutive Numbers Sum,37.5%,Hard,0.05341723749698583, https://leetcode.com/problems/consecutive-numbers-sum
1010,Pairs of Songs With Total Durations Divisible by 60,47.4%,Easy,0.04180336980436055, https://leetcode.com/problems/pairs-of-songs-with-total-durations-divisible-by-60
253,Meeting Rooms II,45.7%,Medium,0.03193246767820989, https://leetcode.com/problems/meeting-rooms-ii
206,Reverse Linked List,62.5%,Easy,0.028292880260936595, https://leetcode.com/problems/reverse-linked-list
200,Number of Islands,46.8%,Medium,0.025712029212602353, https://leetcode.com/problems/number-of-islands
273,Integer to English Words,27.1%,Hard,0.012081089250339716, https://leetcode.com/problems/integer-to-english-words
15,3Sum,26.8%,Medium,0.004940992758742591, https://leetcode.com/problems/3sum
1383,Maximum Performance of a Team,31.9%,Hard,0, https://leetcode.com/problems/maximum-performance-of-a-team
