ID,Title,Acceptance,Difficulty,Frequency,Leetcode Question Link
761,Special Binary String,54.7%,Hard,0.29495095529317067, https://leetcode.com/problems/special-binary-string
741,Cherry Pickup,33.9%,Hard,0.20909179785855941, https://leetcode.com/problems/cherry-pickup
697,Degree of an Array,53.8%,Easy,0.12323264042394814, https://leetcode.com/problems/degree-of-an-array
829,Consecutive Numbers Sum,37.5%,Hard,0.05341723749698583, https://leetcode.com/problems/consecutive-numbers-sum
1010,Pairs of Songs With Total Durations Divisible by 60,47.4%,Easy,0.04180336980436055, https://leetcode.com/problems/pairs-of-songs-with-total-durations-divisible-by-60
206,Reverse Linked List,62.5%,Easy,0.009326794511974934, https://leetcode.com/problems/reverse-linked-list
253,Meeting Rooms II,45.7%,Medium,0.008079219870546493, https://leetcode.com/problems/meeting-rooms-ii
15,3Sum,26.8%,Medium,0.004940992758742591, https://leetcode.com/problems/3sum
