ID,Title,Acceptance,Difficulty,Frequency,Leetcode Question Link
1242,Web Crawler Multithreaded,45.9%,Medium,0.3795917253315977, https://leetcode.com/problems/web-crawler-multithreaded
722,Remove Comments,34.6%,Medium,0.2913421223844446, https://leetcode.com/problems/remove-comments
314,Binary Tree Vertical Order Traversal,45.3%,Medium,0.20100106920044414, https://leetcode.com/problems/binary-tree-vertical-order-traversal
380,Insert Delete GetRandom O(1),47.5%,Medium,0.1466146891661091, https://leetcode.com/problems/insert-delete-getrandom-o1
41,First Missing Positive,32.0%,Hard,0.056273635982108605, https://leetcode.com/problems/first-missing-positive
239,Sliding Window Maximum,43.0%,Hard,0.0483746857022364, https://leetcode.com/problems/sliding-window-maximum
987,Vertical Order Traversal of a Binary Tree,36.6%,Medium,0.011601058182762062, https://leetcode.com/problems/vertical-order-traversal-of-a-binary-tree
10,Regular Expression Matching,26.8%,Hard,0.0071865203293987245, https://leetcode.com/problems/regular-expression-matching
