ID,Title,Acceptance,Difficulty,Frequency,Leetcode Question Link
92,Reverse Linked List II,38.8%,Medium,0.009429869252783295, https://leetcode.com/problems/reverse-linked-list-ii
73,Set Matrix Zeroes,43.1%,Medium,0.0070151111959223245, https://leetcode.com/problems/set-matrix-zeroes
146,LRU Cache,33.2%,Medium,0.004600353139061353, https://leetcode.com/problems/lru-cache
242,Valid Anagram,56.9%,Easy,0.004154123743115972, https://leetcode.com/problems/valid-anagram
49,Group Anagrams,56.9%,Medium,0.0038040939835560453, https://leetcode.com/problems/group-anagrams
2,Add Two Numbers,33.9%,Medium,0.00379539105290024, https://leetcode.com/problems/add-two-numbers
79,Word Search,35.6%,Medium,0.0016647248725526849, https://leetcode.com/problems/word-search
