ID,Title,Acceptance,Difficulty,Frequency,Leetcode Question Link
453,Minimum Moves to Equal Array Elements,50.2%,Easy,0.01800236989176031, https://leetcode.com/problems/minimum-moves-to-equal-array-elements
547,Friend Circles,58.6%,Medium,0.012228828639434596, https://leetcode.com/problems/friend-circles
253,Meeting Rooms II,45.7%,Medium,0.008079219870546493, https://leetcode.com/problems/meeting-rooms-ii
54,Spiral Matrix,34.1%,Medium,0.0065941551175130245, https://leetcode.com/problems/spiral-matrix
1,Two Sum,45.6%,Easy,0.0008206138651873125, https://leetcode.com/problems/two-sum
