ID,Title,Acceptance,Difficulty,Frequency,Leetcode Question Link
741,Cherry Pickup,33.9%,Hard,0.0381788217608869, https://leetcode.com/problems/cherry-pickup
269,Alien Dictionary,33.3%,Hard,0.02841997399127492, https://leetcode.com/problems/alien-dictionary
84,Largest Rectangle in Histogram,35.2%,Hard,0.01866112622166295, https://leetcode.com/problems/largest-rectangle-in-histogram
123,Best Time to Buy and Sell Stock III,37.5%,Hard,0.011261380272539033, https://leetcode.com/problems/best-time-to-buy-and-sell-stock-iii
380,Insert Delete GetRandom O(1),47.5%,Medium,0.009820849864094454, https://leetcode.com/problems/insert-delete-getrandom-o1
42,Trapping Rain Water,48.9%,Hard,0.009762524655659178, https://leetcode.com/problems/trapping-rain-water
994,Rotting Oranges,49.2%,Medium,0.007630712341163886, https://leetcode.com/problems/rotting-oranges
10,Regular Expression Matching,26.8%,Hard,0.0071865203293987245, https://leetcode.com/problems/regular-expression-matching
155,Min Stack,44.5%,Easy,0.00474891074128171, https://leetcode.com/problems/min-stack
2,Add Two Numbers,33.9%,Medium,0.0016886191111440908, https://leetcode.com/problems/add-two-numbers
