ID,Title,Acceptance,Difficulty,Frequency,Leetcode Question Link
741,Cherry Pickup,33.9%,Hard,0.024591335749285945, https://leetcode.com/problems/cherry-pickup
84,Largest Rectangle in Histogram,35.2%,Hard,0.01866112622166295, https://leetcode.com/problems/largest-rectangle-in-histogram
269,Alien Dictionary,33.3%,Hard,0.012730916694039954, https://leetcode.com/problems/alien-dictionary
994,Rotting Oranges,49.2%,Medium,0.007630712341163886, https://leetcode.com/problems/rotting-oranges
155,Min Stack,44.5%,Easy,0.00474891074128171, https://leetcode.com/problems/min-stack
