ID,Title,Acceptance,Difficulty,Frequency,Leetcode Question Link
134,Gas Station,38.5%,Medium,0.13201247498000931, https://leetcode.com/problems/gas-station
1,Two Sum,45.6%,Easy,0.12691690291183813, https://leetcode.com/problems/two-sum
268,Missing Number,51.7%,Easy,0.09310423066974151, https://leetcode.com/problems/missing-number
259,3Sum Smaller,47.6%,Medium,0.0858643880812581, https://leetcode.com/problems/3sum-smaller
700,Search in a Binary Search Tree,73.1%,Easy,0.05205171583916148, https://leetcode.com/problems/search-in-a-binary-search-tree
20,Valid Parentheses,39.0%,Easy,0.03618871742239114, https://leetcode.com/problems/valid-parentheses
15,3Sum,26.8%,Medium,0.013665148419080968, https://leetcode.com/problems/3sum
14,Longest Common Prefix,35.4%,Easy,0.013215687512885701, https://leetcode.com/problems/longest-common-prefix
88,Merge Sorted Array,39.4%,Easy,0.011986958032982505, https://leetcode.com/problems/merge-sorted-array
2,Add Two Numbers,33.9%,Medium,0.010507388732168088, https://leetcode.com/problems/add-two-numbers
53,Maximum Subarray,46.5%,Easy,0.002167082872150794, https://leetcode.com/problems/maximum-subarray
1355,Activity Participants,69.4%,Medium,0, https://leetcode.com/problems/activity-participants
