ID,Title,Acceptance,Difficulty,Frequency,Leetcode Question Link
362,Design Hit Counter,63.7%,Medium,0.013750228098871015, https://leetcode.com/problems/design-hit-counter
295,Find Median from Data Stream,44.3%,Hard,0.00899893586856953, https://leetcode.com/problems/find-median-from-data-stream
34,Find First and Last Position of Element in Sorted Array,36.2%,Medium,0.004247643638268045, https://leetcode.com/problems/find-first-and-last-position-of-element-in-sorted-array
56,Merge Intervals,39.3%,Medium,0.0034728286335985107, https://leetcode.com/problems/merge-intervals
