ID,Title,Acceptance,Difficulty,Frequency,Leetcode Question Link
991,Broken Calculator,45.6%,Medium,0.9286521051883538, https://leetcode.com/problems/broken-calculator
1052,Grumpy Bookstore Owner,55.4%,Medium,0.6706615869791757, https://leetcode.com/problems/grumpy-bookstore-owner
45,Jump Game II,30.6%,Hard,0.38527871413740994, https://leetcode.com/problems/jump-game-ii
403,Frog Jump,39.7%,Hard,0.0998958412956442, https://leetcode.com/problems/frog-jump
273,Integer to English Words,27.1%,Hard,0.04747257415466348, https://leetcode.com/problems/integer-to-english-words
253,Meeting Rooms II,45.7%,Medium,0.018087309810579388, https://leetcode.com/problems/meeting-rooms-ii
17,Letter Combinations of a Phone Number,46.8%,Medium,0.017492519932499718, https://leetcode.com/problems/letter-combinations-of-a-phone-number
703,Kth Largest Element in a Stream,49.7%,Easy,0.013898764390814973, https://leetcode.com/problems/kth-largest-element-in-a-stream
55,Jump Game,34.6%,Medium,0.011265609194218986, https://leetcode.com/problems/jump-game
40,Combination Sum II,48.2%,Medium,0.009578617297069781, https://leetcode.com/problems/combination-sum-ii
128,Longest Consecutive Sequence,45.1%,Hard,0.009051883485315484, https://leetcode.com/problems/longest-consecutive-sequence
238,Product of Array Except Self,60.1%,Medium,0.008821856860216758, https://leetcode.com/problems/product-of-array-except-self
977,Squares of a Sorted Array,72.1%,Easy,0.008733679968754604, https://leetcode.com/problems/squares-of-a-sorted-array
33,Search in Rotated Sorted Array,34.5%,Medium,0.007252832180390353, https://leetcode.com/problems/search-in-rotated-sorted-array
146,LRU Cache,33.2%,Medium,0.004600353139061353, https://leetcode.com/problems/lru-cache
234,Palindrome Linked List,39.3%,Easy,0.004533613114828982, https://leetcode.com/problems/palindrome-linked-list
22,Generate Parentheses,62.7%,Medium,0.0043611059090124735, https://leetcode.com/problems/generate-parentheses
283,Move Zeroes,57.8%,Easy,0.0028853803470673955, https://leetcode.com/problems/move-zeroes
5,Longest Palindromic Substring,29.5%,Medium,0.002279333142507479, https://leetcode.com/problems/longest-palindromic-substring
