ID,Title,Acceptance,Difficulty,Frequency,Leetcode Question Link
593,Valid Square,43.1%,Medium,2.012428334541107, https://leetcode.com/problems/valid-square
647,Palindromic Substrings,60.6%,Medium,1.4078595470997393, https://leetcode.com/problems/palindromic-substrings
730,Count Different Palindromic Subsequences,41.8%,Hard,0.8032907596583713, https://leetcode.com/problems/count-different-palindromic-subsequences
203,Remove Linked List Elements,38.6%,Easy,0.5359603141290598, https://leetcode.com/problems/remove-linked-list-elements
202,Happy Number,50.4%,Easy,0.07100316365622945, https://leetcode.com/problems/happy-number
75,Sort Colors,47.3%,Medium,0.05709845281459711, https://leetcode.com/problems/sort-colors
716,Max Stack,42.6%,Easy,0.04103139667786253, https://leetcode.com/problems/max-stack
380,Insert Delete GetRandom O(1),47.5%,Medium,0.020896975877216107, https://leetcode.com/problems/insert-delete-getrandom-o1
5,Longest Palindromic Substring,29.5%,Medium,0.019425420619316486, https://leetcode.com/problems/longest-palindromic-substring
155,Min Stack,44.5%,Easy,0.010200700488022775, https://leetcode.com/problems/min-stack
167,Two Sum II - Input array is sorted,54.1%,Easy,0.005280540323033287, https://leetcode.com/problems/two-sum-ii-input-array-is-sorted
1206,Design Skiplist,57.3%,Hard,0, https://leetcode.com/problems/design-skiplist
