ID,Title,Acceptance,Difficulty,Frequency,Leetcode Question Link
708,Insert into a Sorted Circular Linked List,31.6%,Medium,0.5187310859952682, https://leetcode.com/problems/insert-into-a-sorted-circular-linked-list
855,Exam Room,43.1%,Medium,0.3829290108305956, https://leetcode.com/problems/exam-room
362,Design Hit Counter,63.7%,Medium,0.20812125379246896, https://leetcode.com/problems/design-hit-counter
510,Inorder Successor in BST II,58.0%,Medium,0.19714257713870645, https://leetcode.com/problems/inorder-successor-in-bst-ii
285,Inorder Successor in BST,40.4%,Medium,0.02233482010057984, https://leetcode.com/problems/inorder-successor-in-bst
17,Letter Combinations of a Phone Number,46.8%,Medium,0.00987716546167603, https://leetcode.com/problems/letter-combinations-of-a-phone-number
208,Implement Trie (Prefix Tree),49.4%,Medium,0.009105457856626612, https://leetcode.com/problems/implement-trie-prefix-tree
54,Spiral Matrix,34.1%,Medium,0.0065941551175130245, https://leetcode.com/problems/spiral-matrix
34,Find First and Last Position of Element in Sorted Array,36.2%,Medium,0.004247643638268045, https://leetcode.com/problems/find-first-and-last-position-of-element-in-sorted-array
88,Merge Sorted Array,39.4%,Easy,0.0030102370714243072, https://leetcode.com/problems/merge-sorted-array
