ID,Title,Acceptance,Difficulty,Frequency,Leetcode Question Link
418,Sentence Screen Fitting,32.6%,Medium,0.1567818211793266, https://leetcode.com/problems/sentence-screen-fitting
755,Pour Water,43.3%,Medium,0.14791511120021605, https://leetcode.com/problems/pour-water
224,Basic Calculator,36.8%,Hard,0.0813456394539524, https://leetcode.com/problems/basic-calculator
54,Spiral Matrix,34.1%,Medium,0.014776167707688753, https://leetcode.com/problems/spiral-matrix
438,Find All Anagrams in a String,43.3%,Medium,0.008126822460497498, https://leetcode.com/problems/find-all-anagrams-in-a-string
