ID,Title,Acceptance,Difficulty,Frequency,Leetcode Question Link
1353,Maximum Number of Events That Can Be Attended,30.5%,Medium,0.006473832517571056, https://leetcode.com/problems/maximum-number-of-events-that-can-be-attended
42,Trapping Rain Water,48.9%,Hard,0.004350670338744988, https://leetcode.com/problems/trapping-rain-water
98,Validate Binary Search Tree,27.8%,Medium,0.002943776044013381, https://leetcode.com/problems/validate-binary-search-tree
1,Two Sum,45.6%,Easy,0.0008206138651873125, https://leetcode.com/problems/two-sum
