1,Chai,1,23.958,10 boxes x 20 bags,false
2,Chang,1,25.289,24 - 12 oz bottles,false
3,Aniseed Syrup,1,13.31,12 - 550 ml bottles,false
4,Chef Anton's Cajun Seasoning,2,29.282,48 - 6 oz jars,false
5,Chef Anton's Gumbo Mix,2,28.41685,36 boxes,true
6,Grandma's Boysenberry Spread,3,33.275,12 - 8 oz jars,false
7,Uncle Bob's Organic Dried Pears,3,39.93,12 - 1 lb pkgs.,false
8,Northwoods Cranberry Sauce,3,53.24,12 - 12 oz jars,false
9,Mishi Kobe Niku,4,129.107,18 - 500 g pkgs.,true
10,Ikura,4,41.261,12 - 200 ml jars,false
11,Queso Cabrales,5,27.951,1 kg pkg.,false
12,Queso Manchego La Pastora,5,50.578,10 - 500 g pkgs.,false
13,Konbu,6,7.986,2 kg box,false
14,Tofu,6,30.94575,40 - 100 g pkgs.,false
15,Genen Shouyu,6,20.6305,24 - 250 ml bottles,false
16,Pavlova,7,23.22595,32 - 500 g boxes,false
17,Alice Mutton,7,51.909,20 - 1 kg tins,true
18,Carnarvon Tigers,7,83.1875,16 kg pkg.,false
19,Teatime Chocolate Biscuits,8,12.2452,10 boxes x 12 pieces,false
20,Sir Rodney's Marmalade,8,107.811,30 gift boxes,false
21,Sir Rodney's Scones,8,13.31,24 pkgs. x 4 pieces,false
22,Gustaf's Knäckebröd,9,27.951,24 - 500 g pkgs.,false
23,Tunnbröd,9,11.979,12 - 250 g pkgs.,false
24,Guaraná Fantástica,10,5.9895,12 - 355 ml cans,true
25,NuNuCa Nuß-Nougat-Creme,11,18.634,20 - 450 g glasses,false
26,Gumbär Gummibärchen,11,41.56713,100 - 250 g bags,false
27,Schoggi Schokolade,11,58.4309,100 - 100 g pieces,false
28,Rössle Sauerkraut,12,60.6936,25 - 825 g cans,true
29,Thüringer Rostbratwurst,12,164.76449,50 bags x 30 sausgs.,true
30,Nord-Ost Matjeshering,13,34.45959,10 - 200 g glasses,false
31,Gorgonzola Telino,14,16.6375,12 - 100 g pkgs,false
32,Mascarpone Fabioli,14,42.592,24 - 200 g pkgs.,false
33,Geitost,15,3.3275,500 g,false
34,Sasquatch Ale,16,18.634,24 - 12 oz bottles,false
35,Steeleye Stout,16,23.958,24 - 12 oz bottles,false
36,Inlagd Sill,17,25.289,24 - 250 g  jars,false
37,Gravad lax,17,34.606,12 - 500 g pkgs.,false
38,Côte de Blaye,18,350.7185,12 - 75 cl bottles,false
39,Chartreuse verte,18,23.958,750 cc per bottle,false
40,Boston Crab Meat,19,24.4904,24 - 4 oz tins,false
41,Jack's New England Clam Chowder,19,12.84415,12 - 12 oz cans,false
42,Singaporean Hokkien Fried Mee,20,18.634,32 - 1 kg pkgs.,true
43,Ipoh Coffee,20,61.226,16 - 500 g tins,false
44,Gula Malacca,20,25.88795,20 - 2 kg bags,false
45,Rogede sild,21,12.6445,1k pkg.,false
46,Spegesild,21,15.972,4 - 450 g glasses,false
47,Zaanse koeken,22,12.6445,10 - 4 oz boxes,false
48,Chocolade,22,16.97025,10 pkgs.,false
49,Maxilaku,23,26.62,24 - 50 g pkgs.,false
50,Valkoinen suklaa,23,21.62875,12 - 100 g bars,false
51,Manjimup Dried Apples,24,70.543,50 - 300 g pkgs.,false
52,Filo Mix,24,9.317,16 - 2 kg boxes,false
53,Perth Pasties,24,43.6568,48 pieces,true
54,Tourtière,25,9.91595,16 pies,false
55,Pâté chinois,25,31.944,24 boxes x 2 pies,false
56,Gnocchi di nonna Alice,26,50.578,24 - 250 g pkgs.,false
57,Ravioli Angelo,26,25.9545,24 - 250 g pkgs.,false
58,Escargots de Bourgogne,27,17.63575,24 pieces,false
59,Raclette Courdavault,28,73.205,5 kg pkg.,false
60,Camembert Pierrot,28,45.254,15 - 300 g rounds,false
61,Sirop d'érable,29,37.9335,24 - 500 ml bottles,false
62,Tarte au sucre,29,65.6183,48 pies,false
63,Vegie-spread,7,58.4309,15 - 625 g jars,false
64,Wimmers gute Semmelknödel,12,44.25575,20 bags x 4 pieces,false
65,Louisiana Fiery Hot Pepper Sauce,2,28.01755,32 - 8 oz bottles,false
66,Louisiana Hot Spiced Okra,2,22.627,24 - 8 oz jars,false
67,Laughing Lumberjack Lager,16,18.634,24 - 12 oz bottles,false
68,Scottish Longbreads,8,16.6375,10 boxes x 8 pieces,false
69,Gudbrandsdalsost,15,47.916,10 kg pkg.,false
70,Outback Lager,7,19.965,24 - 355 ml bottles,false
71,Flotemysost,15,28.6165,10 - 500 g pkgs.,false
72,Mozzarella di Giovanni,14,46.3188,24 - 200 g pkgs.,false
73,Röd Kaviar,17,19.965,24 - 150 g jars,false
74,Longlife Tofu,4,13.31,5 kg pkg.,false
75,Rhönbräu Klosterbier,12,10.31525,24 - 0.5 l bottles,false
76,Lakkalikööri,23,23.958,500 ml,false
77,Original Frankfurter grüne Soße,12,17.303,12 boxes,false
78,Stroopwafels,22,12.97725,24 pieces,false
