1,Exotic Liquids,Charlotte Cooper,\\N,London,UK,(171) 555-2222,\\N
2,New Orleans Cajun Delights,Shelley Burke,\\N,New Orleans,USA,(100) 555-4822,\\N
3,Grandma Kelly's Homestead,Regina Murphy,\\N,Ann Arbor,USA,(313) 555-5735,(313) 555-3349
4,Tokyo Traders,Yoshi Nagase,\\N,Tokyo,Japan,(03) 8888-5011,\\N
5,Cooperativa de Quesos 'Las Cabras',Antonio del Valle Saavedra,\\N,Oviedo,Spain,(98) 598 76 54,\\N
6,Mayumi's,Mayumi Ohno,\\N,Osaka,Japan,(06) 431-7877,\\N
7,Pavlova\, Ltd.,Ian Devling,\\N,Melbourne,Australia,(03) 444-2343,(03) 444-6588
8,Specialty Biscuits\, Ltd.,Peter Wilson,\\N,Manchester,UK,(161) 555-4448,\\N
9,PB Knäckebröd AB,Lars Peterson,\\N,Göteborg,Sweden,031-987 65 43,031-987 65 91
10,Refrescos Americanas LTDA,Carlos Diaz,\\N,Sao Paulo,Brazil,(11) 555 4640,\\N
11,Heli Süßwaren GmbH & Co. KG,Petra Winkler,\\N,Berlin,Germany,(010) 9984510,\\N
12,Plutzer Lebensmittelgroßmärkte AG,Martin Bein,\\N,Frankfurt,Germany,(069) 992755,\\N
13,Nord-Ost-Fisch Handelsgesellschaft mbH,Sven Petersen,\\N,Cuxhaven,Germany,(04721) 8713,(04721) 8714
14,Formaggi Fortini s.r.l.,Elio Rossi,\\N,Ravenna,Italy,(0544) 60323,(0544) 60603
15,Norske Meierier,Beate Vileid,\\N,Sandvika,Norway,(0)2-953010,\\N
16,Bigfoot Breweries,Cheryl Saylor,\\N,Bend,USA,(503) 555-9931,\\N
17,Svensk Sjöföda AB,Michael Björn,\\N,Stockholm,Sweden,08-123 45 67,\\N
18,Aux joyeux ecclésiastiques,Guylène Nodier,\\N,Paris,France,(1) 03.83.00.68,(1) 03.83.00.62
19,New England Seafood Cannery,Robb Merchant,\\N,Boston,USA,(617) 555-3267,(617) 555-3389
20,Leka Trading,Chandra Leka,\\N,Singapore,Singapore,555-8787,\\N
21,Lyngbysild,Niels Petersen,\\N,Lyngby,Denmark,43844108,43844115
22,Zaanse Snoepfabriek,Dirk Luchte,\\N,Zaandam,Netherlands,(12345) 1212,(12345) 1210
23,Karkki Oy,Anne Heikkonen,\\N,Lappeenranta,Finland,(953) 10956,\\N
24,G'day\, Mate,Wendy Mackenzie,\\N,Sydney,Australia,(02) 555-5914,(02) 555-4873
25,Ma Maison,Jean-Guy Lauzon,\\N,Montréal,Canada,(514) 555-9022,\\N
26,Pasta Buttini s.r.l.,Giovanni Giudici,\\N,Salerno,Italy,(089) 6547665,(089) 6547667
27,Escargots Nouveaux,Marie Delamare,\\N,Montceau,France,85.57.00.07,\\N
28,Gai pâturage,Eliane Noz,\\N,Annecy,France,38.76.98.06,38.76.98.58
29,Forêts d'érables,Chantal Goulet,\\N,Ste-Hyacinthe,Canada,(514) 555-2955,(514) 555-2921
1,Broodjes Huis,Henk de Groot,\\N,Amsterdam,Netherlands,31-1-382-8847,\\N
